
{
  "D" : -0.0002475125194385197,
  "dneff_dT" : 0.00018,
  "loss" : 1178.302078612266,
  "mode_data" : 
  {
    "_data" : 
    [
      
      {
        "ID" : 1,
        "name" : "TE"
      }
    ],
    "_type" : "cell"
  },
  "neff" : 2.443866391869449,
  "ng" : 4.056824018811415,
  "radius" : 5e-06,
  "temperature_data" : 300,
  "theta" : 1.570796326794897,
  "wavelength_data" : 1.55e-06
}
